{"cameraMode":{"drawMode":0,"name":"Shaded","section":"Shading Mode"},"sceneLighting":true,"audioPlay":false,"sceneViewState":{"showFog":true,"showMaterialUpdate":false,"showSkybox":true,"showFlares":true,"showImageEffects":true,"showParticleSystems":true},"in2DMode":false,"pivot":{"x":-0.005556069314479828,"y":0.029339857399463655,"z":0.044923871755599979},"rotation":{"x":-0.08222927898168564,"y":0.8794673681259155,"z":-0.16469848155975343,"w":-0.4390312433242798},"size":0.04647926613688469,"orthographic":false}